hotel_name,hotel_rating,cuisine,price,distance,location
Purple Martini,4.4,"Continental, Goan, Fast Food, Chinese, North Indian, Beverages, Ice Cream","₹3,000 for two",13.5 km," Anjuna Beach, Anjuna, Goa"
Tomato's Beachside Kitchen And Bar,4.4,"North Indian, Continental, Chinese, Italian, Seafood, Asian, Mughlai, Desserts","₹1,800 for two",7.2 km," Candolim Beach, Candolim, Goa"
Thalassa,4.4,"Greek, Mediterranean, Seafood, Fast Food, Bar Food, Goan, Beverages","₹2,500 for two",15.2 km," Siolim, Goa"
Tomato's Garden Kitchen And Bar,4.4,"Goan, Asian, Italian, North Indian, Chinese, Kebab, Fast Food, Beverages","₹2,000 for two",6.8 km," Candolim, Goa"
Romeo Lane,3.9,"Finger Food, Italian, Lebanese, North Indian","₹1,800 for two",14.5 km," Vagator, Goa"
Ivoryy By The Cliff,4.0,"Mediterranean, Italian, Asian, Chinese, Goan, Lebanese, Desserts","₹1,500 for two",14.7 km," Vagator, Goa"
Mayan Beach Club,New,"Continental, Italian, Bar Food","₹2,000 for two",13.3 km," Anjuna, Goa"
RocoMamas,4.4,"American, Burger, Fast Food, Pizza, Beverages, Shake","₹1,400 for two",7.7 km," Calangute, Goa"
Antares Restaurant & Beach Club,4.2,"Goan, Italian, Desserts, Beverages","₹2,500 for two",14.5 km," Vagator, Goa"
Saz On The Beach,3.9,"Continental, Italian, Fast Food, Salad","₹1,400 for two",19.1 km," Morjim, Goa"
Ziki,4.4,"Sushi, Asian, Italian, North Indian, Seafood","₹1,000 for two",13.2 km," Anjuna, Goa"
Angry Sardar Courtyard,4.2,"Mughlai, North Indian, Biryani, Chinese, Desserts, Beverages","₹1,500 for two",12.8 km," Anjuna, Goa"
Cafe Cotinga,4.5,"Goan, North Indian, Mughlai, Biryani, Italian, Fast Food, Desserts, Beverages","₹1,800 for two",12.1 km," Anjuna, Goa"
Elephant & Co.,4.6,"Continental, Asian, Italian, Bar Food, Beverages, Desserts","₹1,500 for two",11.9 km," Anjuna, Goa"
Ginnis Biggie Burger,4.0,"Burger, Wraps, American, Fast Food",₹850 for two,12.5 km," Vagator, Goa"
Salt Bar And Restaurant,4.5,"North Indian, Biryani, Chinese, Continental, Italian, Goan, Beverages, Desserts","₹1,500 for two",10.5 km," Baga, Goa"
Maai - Inspired Food,4.2,"Goan, Burger, Sandwich, Lebanese","₹1,700 for two",11.8 km," Assagao, Goa"
"Istaka - Bar, Bites & Bowls",4.2,"Chinese, Continental, Pizza, Thai, American, South American, Beverages","₹2,000 for two",14 km," Vagator, Goa"
Vaddo 15,4.2,"Continental, North Indian, Chinese, Goan, Pizza, Salad, Biryani, Beverages","₹1,000 for two",6.8 km," Candolim, Goa"
OCCO,4.4,"Lebanese, Continental, Pizza, Italian, Seafood, Desserts","₹2,000 for two",14.5 km," Vagator, Goa"
Raeeth,3.9,"Goan, Continental, BBQ, Pizza, Italian, Desserts, Seafood","₹1,800 for two",14.5 km," Vagator, Goa"
Mikey's Place,4.5,"Continental, North Indian, Goan, Seafood, Salad, Desserts","₹1,200 for two",6.3 km," Candolim, Goa"
The Southern Deck,4.3,"Seafood, Goan, Continental, Fast Food, Asian, Thai, North Indian",₹950 for two,28.4 km," Benaulim, Goa"
Hammerzz,3.7,"Chinese, Pasta, Wraps","₹5,000 for two",11.1 km," Baga, Goa"
Mamalouka - Beach Bar And Bistro,4.2,"Goan, Pizza, Italian, Bar Food, Desserts","₹1,200 for two",12.7 km," Anjuna, Goa"
Boho Restaurant & Bar,3.6,"North Indian, Chinese, Seafood, Fast Food, Sichuan, Beverages",₹950 for two,14.2 km," Vagator, Goa"
Leherein Restaurant & Bar,4.2,"North Indian, Continental, Italian, Chinese, Fast Food, Desserts, Beverages","₹1,400 for two",12.3 km," Anjuna, Goa"
Titlie,4.0,"Continental, Seafood, North Indian, Pizza, Italian, Beverages","₹2,000 for two",14.6 km," Vagator, Goa"
Kefi-Cafe And Bistro,4.3,"Middle Eastern, Arabian",₹500 for two,11.9 km," Assagao, Goa"
Palms N Sands,4.4,"Continental, Seafood, Goan, North Indian, Chinese, Fast Food, Desserts, Beverages","₹1,200 for two",6.5 km," Candolim Beach, Candolim, Goa"
Makani On The Beach,3.8,"Continental, Mexican, Goan, Seafood, Desserts, Beverages","₹1,700 for two",12.4 km," Anjuna, Goa"
Tkyo,4.4,"Asian, Japanese, Thai, Chinese, Seafood, Momos, Sushi, Beverages","₹1,400 for two",12.2 km," Anjuna, Goa"
Seshh,4.3,"Seafood, Asian, Continental, Italian, Mexican, Chinese, North Indian, Desserts","₹1,700 for two",13.4 km," Bardez, Goa"
The Fisherman's Wharf,4.5,"Seafood, Goan, North Indian, Mughlai, Chinese, Continental, Desserts","₹1,300 for two",7.9 km," Calangute, Goa"
McDonald's,3.9,"Burger, Fast Food",₹500 for two,3 km," Mall De Goa, Penha De Franca, Goa"
WOW! Momo,4.0,"Beverages, Fast Food, Momos, Tibetan",₹400 for two,10.5 km," Mapusa, Goa"
Las Olas,4.1,"Continental, Asian, Chinese, North Indian, Italian, Sandwich, Salad, Beverages","₹2,000 for two",10.5 km," Baga, Goa"
Tereza Beach House-By Sly Granny,4.3,"Continental, Pizza, Italian, Goan, Fast Food, Salad, Desserts","₹1,900 for two",3.8 km," Nerul, Goa"
"Uptown- Multi Cuisine Restaurant, Pub & Sports Bar",4.1,"North Indian, Chinese, Goan, Continental, Desserts, Beverages","₹1,300 for two",6.8 km," Candolim, Goa"
Eva Cafe,4.3,"Sandwich, Fast Food",₹950 for two,13.2 km," Anjuna, Goa"
The Bodhi Tree Cafe And Bar,4.1,"North Indian, Chinese, Seafood, Fast Food, Goan, Beverages, Sichuan",₹500 for two,16.4 km," Morjim, Goa"
Club Cubana,4.3,Finger Food,"₹3,000 for two",10.7 km," Anjuna, Goa"
Kourm Soulful Kebabs & Curries,4.2,"North Indian, Kebab, Biryani, Seafood, Mughlai",₹950 for two,12.4 km," Anjuna, Goa"
Tito's Restaurant,3.9,"Goan, North Indian, Mughlai, Seafood, Chinese, Sushi, Pasta","₹1,800 for two",10.3 km," Baga, Goa"
Artjuna,3.8,"Cafe, Mediterranean, Italian, Seafood, Fast Food, Desserts, Beverages",₹950 for two,12.6 km," Anjuna, Goa"
Bacchus Bar & Kitchen,4.1,"Cafe, Continental, Fast Food, Bakery, Pasta, Coffee, Beverages, Shake",₹850 for two,13.4 km," Anjuna, Goa"
Beno,4.5,"Continental, Bar Food, European, Fast Food, Street Food, Healthy Food, Desserts, Beverages","₹1,100 for two",29.8 km," Benaulim, Goa"
Fiza Biryani,3.7,"Biryani, North Indian, Shawarma, Chinese",₹500 for two,2.5 km," Panaji, Goa"
Raasta Goa,3.9,"Bar Food, Continental, Italian, Asian, Pizza, Shake, Beverages, Desserts","₹1,500 for two",14.3 km," Vagator, Goa"
Chef Slicy's,3.9,"Goan, Fast Food",₹400 for two,28.1 km," Margao, Goa"
Cohiba,4.1,"Finger Food, Continental, Bar Food, Goan, Italian, Seafood, North Indian, Desserts","₹1,800 for two",5.6 km," Candolim, Goa"
Baba Au Rhum,4.4,"Cafe, Coffee, Italian, Mediterranean, Salad, Pizza, Fast Food, Beverages","₹1,200 for two",11.6 km," Baga, Goa"
Felix,4.4,"American, Cafe, Burger, Bar Food, BBQ, Salad, Beverages","₹2,000 for two",12.5 km," Anjuna, Goa"
Pisco By The Beach,4.0,"Seafood, Italian, Steak","₹2,000 for two",12.3 km," Anjuna, Goa"
Jamun,4.7,"North Indian, South Indian, Goan, Seafood, Biryani, Parsi, Desserts","₹1,800 for two",12.5 km," Assagao, Goa"
Urban Nawab,4.3,"North Indian, Mughlai, Biryani, Desserts",₹950 for two,14.2 km," Vagator, Goa"
Calamari Bathe & Binge,4.4,"Goan, Chinese, North Indian, Continental, Seafood, Italian, Desserts, Beverages","₹1,800 for two",6.6 km," Candolim, Goa"
Britto's Restaurant & Bar,4.4,"North Indian, Goan, Italian, Seafood, Desserts, Beverages","₹1,700 for two",10.9 km," Baga, Goa"
Pet Pooja Pure Veg Restaurant,4.4,"North Indian, Gujarati, Street Food, Shake, Beverages",₹700 for two,14.2 km," Vagator, Goa"
SinQ Nightclub,4.0,Finger Food,"₹2,000 for two",6 km," Candolim, Goa"
Fat Fish,4.0,"Goan, Seafood, Continental, North Indian, Italian, Beverages, Desserts","₹1,800 for two",9.4 km," Baga, Goa"
Gunpowder,4.7,"Finger Food, South Indian, Seafood, Desserts","₹1,700 for two",11.7 km," Assagao, Goa"
Saké - The Asian Lounge,3.9,"Asian, Sushi, Japanese, Cantonese, Desserts","₹2,500 for two",11.8 km," Assagao, Goa"
Bay 15,4.4,"Italian, Goan, Continental, North Indian, Chinese, Salad","₹1,800 for two",5 km," Panaji, Goa"
The Market - Westin Goa,4.2,"Asian, Continental, North Indian, Biryani, Goan, Desserts","₹2,400 for two",13.5 km," Anjuna, Goa"
Yazu - Pan Asian Beach Club,4.2,"Asian, Chinese, Sushi, Japanese, Desserts","₹1,900 for two",6.5 km," Candolim, Goa"
Dubki - Dawn & Dusk Bar,4.1,"Continental, Seafood, Asian, Fast Food, Desserts","₹1,500 for two",14.5 km," Vagator, Goa"
Casa Playa,4.4,"Continental, Goan, Italian, North Indian, Chinese, Salad, Ice Cream, Desserts","₹1,800 for two",14.6 km," Anjuna, Goa"
Moshi Moshi,4.0,"Asian, Japanese, Chinese, Thai, Sushi, Beverages","₹1,500 for two",11.9 km," Assagao, Goa"
Underdoggs,3.8,"North Indian, Asian, Mexican, Continental, Fast Food, Beverages","₹2,500 for two",14.2 km," Vagator, Goa"
Ice Creamy,3.9,"Ice Cream, Waffle, Panini, Desserts, Beverages",₹350 for two,27.5 km," Margao, Goa"
Burger Factory,4.5,"Burger, Fast Food, Shake, Beverages","₹1,200 for two",13.2 km," Anjuna, Goa"
The Singh Family Bar & Restaurant,4.0,"North Indian, Italian, Continental, Mexican, Goan, Seafood, Beverages, Desserts","₹1,200 for two",57.8 km," Palolem, Goa"
Felix Beach,4.1,"Seafood, American, European, Pizza, Continental","₹1,200 for two",17.2 km," Morjim, Goa"
South Delhi,3.9,"Juices, Beverages, Biryani, Chinese, North Indian, Seafood, Street Food","₹1,100 for two",14.2 km," Vagator, Goa"
De Baga Deck,4.3,"Goan, Biryani, North Indian, Italian, Chinese, Salad, Seafood, Desserts","₹1,000 for two",9.6 km," Calangute, Goa"
Soro- The Village Pub,4.3,"Finger Food, Continental, Italian, Goan, Seafood","₹1,600 for two",13.4 km," Assagao, Goa"
Martin's Corner,4.4,"North Indian, Chinese, Goan, Sandwich, Salad, Beverages","₹1,800 for two",23.6 km," Betalbatim, Goa"
The Lazy Goose,4.7,"Goan, Continental, Seafood, Fast Food","₹1,800 for two",5.2 km," Nerul, Goa"
Glory,4.2,"Pizza, Continental, Italian, Desserts, Beverages","₹2,000 for two",14.5 km," Vagator, Goa"
Navtara Veg Restaurant,3.9,"South Indian, North Indian, Goan, Chinese, Street Food, Fast Food, Pizza, Desserts",₹700 for two,9.2 km," Calangute, Goa"
Sea Pebbles,4.3,"Goan, North Indian, Mughlai, Chinese, Biryani, Beverages","₹1,400 for two",5.8 km," Panaji, Goa"
Toro Toro,4.7,"Asian, Italian, Goan, Seafood, Continental, Beverages, Desserts","₹1,800 for two",11.2 km," Baga, Goa"
The Goan Oven Bakery & Cafe,3.9,"Bakery, Pizza, Sandwich, Desserts",₹800 for two,12.6 km," Vasco, Goa"
Biryani By Kilo,4.1,"Biryani, Hyderabadi, North Indian, Kebab, Mughlai, Desserts","₹1,200 for two",2.4 km," Panaji, Goa"
The Cape Goa,4.6,"North Indian, Mughlai, Continental, Fast Food, Goan, Seafood, Desserts, Beverages","₹1,200 for two",41.2 km," Agonda, Goa"
Fish Deck,3.1,"North Indian, Chinese, Goan, Seafood, Mughlai, Continental, Desserts, Beverages",₹700 for two,10.1 km," Calangute, Goa"
La Cucina,4.5,"Italian, Pasta, Pizza, Chinese, Beverages","₹1,500 for two",19.3 km," Morjim, Goa"
Cota Cozinha,4.6,"Bar Food, Goan, Seafood, Chinese, Salad, North Indian, Mughlai, Beverages","₹1,000 for two",24.5 km," Betalbatim, Goa"
Cantare,4.2,"Mexican, American, Italian, Seafood, Goan, Thai",₹950 for two,6.4 km," Calangute, Goa"
Sukkha - The Indian Platter,4.3,"North Indian, Seafood, Biryani, Kebab, Mughlai, Rolls, Desserts","₹1,800 for two",12.5 km," Assagao, Goa"
Lush By The Cliff,4.3,"North Indian, Chinese, Goan, Continental, Salad, Seafood, Italian, Fast Food",₹950 for two,13.5 km," Anjuna, Goa"
Nova Kitchen & Bar,3.9,"Finger Food, Seafood, Goan, North Indian, Chinese, Sichuan, Beverages","₹1,200 for two",6.1 km," Candolim, Goa"
Babka,4.0,"Cafe, Coffee, Tea, Shake, Beverages, Sandwich, Fast Food, Bakery",₹850 for two,12.1 km," Anjuna, Goa"
Mojigao,4.1,"Cafe, Mediterranean, Middle Eastern, Fast Food, Beverages",₹950 for two,12.3 km," Assagao, Goa"
Blue Turtle Beach Bar & Restaurant,4.4,"Continental, Pizza, Burger, Goan, Seafood, Salad, Desserts","₹2,000 for two",18.7 km," Morjim, Goa"
Pure Punjabbi Family Restaurant Bar,3.9,"North Indian, Chinese, Mughlai, Biryani, Seafood, Sichuan, Beverages",₹850 for two,9.2 km," Calangute, Goa"
Pousada By The Beach,4.7,"Continental, Goan, Desserts, Beverages","₹3,500 for two",8.5 km," Calangute Beach, Calangute, Goa"
Jukebox Beach Cafe,4.2,"Goan, Pizza, Seafood","₹1,000 for two",8.1 km," Calangute Beach, Calangute, Goa"
The Outpost By Sly Granny,4.1,"Burger, American","₹1,400 for two",623 m," Panaji, Goa"
Tesouro,4.4,"Salad, Italian, Continental, Beverages","₹1,300 for two",27.6 km," Colva, Goa"
Kung Fook,4.2,"Chinese, Asian, Sushi, Desserts",₹850 for two,13.2 km," Anjuna, Goa"
Qlay Mediterranean Kitchen Grill And Bar,4.4,"Mediterranean, Italian, Pizza, Salad","₹2,000 for two",13.7 km," Assagao, Goa"
Vinayak Family Restaurant,4.4,"Goan, North Indian, Kebab, Chinese, Seafood, Biryani, Salad, Beverages","₹1,100 for two",12.4 km," Bardez, Goa"
The Black Sheep Bistro,4.9,"Continental, European, Thai, Desserts, Beverages","₹1,800 for two",2.1 km," Panaji, Goa"
Half Pint,3.9,"Bar Food, Continental, Italian, Seafood","₹2,100 for two",14.2 km," Vagator, Goa"
Aviary Beach Bar,-,"Goan, North Indian, South Indian, Asian, Italian, Chinese, Biryani, Desserts","₹2,000 for two",14.5 km," Vagator, Goa"
The Great Bath Cafe,4.1,"North Indian, Mughlai, Goan, Seafood, Desserts","₹1,400 for two",14 km," Vagator, Goa"
Thyme & Ash,3.9,"Continental, Beverages, Desserts","₹3,500 for two",13.5 km," Anjuna, Goa"
Cafe Lilliput,3.9,"Continental, North Indian, Seafood, Steak, Italian, Chinese, Beverages, Desserts","₹1,700 for two",12.6 km," Anjuna Beach, Anjuna, Goa"
Lollo Rosso,4.6,"Finger Food, Continental, Japanese, Burmese, Desserts, Beverages","₹1,800 for two",11.6 km," Anjuna, Goa"
Wok & Pan,4.3,"Chinese, Sichuan, Seafood",₹950 for two,14.2 km," Vagator, Goa"
Kokni Kanteen,4.5,"Goan, North Indian, Seafood, Beverages",₹850 for two,263 m," Panaji, Goa"
Da Tita By Magic Italy,4.4,"Italian, Pizza, Fast Food, Desserts",₹950 for two,23.6 km," Majorda, Goa"
Avo's Kitchen,4.5,"Goan, Seafood, North Indian, Street Food, Fast Food, Desserts","₹1,400 for two",11.7 km," Assagao, Goa"
Neighbors,4.2,"Cafe, European, Burger, Seafood, Bakery, Healthy Food, Desserts, Beverages","₹1,200 for two",12.5 km," Assagao, Goa"
Paz Goa,4.5,"Cafe, Continental, Fast Food, Coffee, Shake, Beverages, Desserts","₹1,000 for two",14.9 km," Vagator, Goa"
Kalliste,4.2,"Spanish, Greek, Bar Food, Italian, Mediterranean","₹1,500 for two",25.6 km," Colva, Goa"
Kismoor Sangolda,4.5,"Asian, Italian, Goan, Oriental, Desserts, Beverages","₹1,400 for two",5.3 km," Penha de Franca, Goa"
Olive Bar & Kitchen,4.3,"Mediterranean, Italian, Bar Food, Fast Food, Beverages, Desserts","₹3,000 for two",15 km," Vagator, Goa"
Thalassa Beach,3.9,"Greek, Mediterranean, Seafood, Bar Food, Goan, Beverages","₹2,500 for two",19.6 km," Ashwem, Goa"
Shivers Garden Restaurant,4.4,"Thai, Japanese, Asian, Beverages, Chinese, Continental, Desserts, North Indian","₹2,000 for two",6 km," Candolim, Goa"
Cape Town Cafe,4.2,"Steak, Italian, Goan, Continental, North Indian, Seafood","₹1,200 for two",10.2 km," Baga, Goa"
Miss Margarita,3.9,"Mexican, Bar Food, Beverages","₹2,000 for two",14.1 km," Vagator, Goa"
Big Fat Sandwich & Pizza,3.9,"Cafe, American, Sandwich, Fast Food, Italian, Beverages, Coffee","₹1,200 for two",11.7 km," Anjuna, Goa"
Howling Wolves,4.1,"Continental, North Indian, Asian, Italian, Salad, Sandwich, Burger, Desserts","₹1,200 for two",13.1 km," Anjuna, Goa"
Gin Mill,3.9,"BBQ, American, Continental, Chinese, Fast Food","₹1,800 for two",14.7 km," Vagator, Goa"
Kofuku,4.1,"Japanese, Korean, Asian, Goan, Salad, Sushi, Desserts","₹2,500 for two",8.9 km," Mapusa, Goa"
Maka Zai,4.9,"Goan, Asian, Chinese, Seafood, Beverages","₹1,700 for two",12.7 km," Anjuna, Goa"
Cavatina,4.8,"Italian, Steak, Goan, Continental, Salad, Mexican","₹2,500 for two",30.4 km," Benaulim, Goa"
Ziggy's By Fame,4.4,"Goan, Italian, Oriental, North Indian, Desserts",₹950 for two,23.2 km," Majorda, Goa"
New Bajarangi Family Restaurant & Bar,3.4,"Chinese, Biryani, North Indian, Mughlai, Beverages, Kebab, Sichuan",₹600 for two,10.4 km," Bardez, Goa"
Zest Café & Kitchen - Holiday Inn,4.5,"North Indian, Goan, Chinese, Seafood, Oriental, Salad, Desserts, Beverages","₹2,100 for two",39.9 km," Holiday Inn Resort, Salcette, Goa"
Wok & Roll,4.8,"Oriental, Thai, Chinese, Asian, Desserts","₹1,200 for two",5.5 km," Candolim, Goa"
Slow Tide,3.9,"Seafood, Konkan, Beverages","₹3,000 for two",12.4 km," Anjuna, Goa"
Mama Miso,4.1,"Asian, Chinese, Sushi, Seafood, Desserts","₹1,000 for two",19.6 km," Majorda, Goa"
The Red Ginger,4.4,"Asian, Chinese, Thai, Japanese, Desserts","₹1,600 for two",26.4 km," Colva, Goa"
Sao By The Shore,3.9,"Salad, European, Seafood, Continental, Portuguese, Beverages","₹1,600 for two",19.7 km," Ashwem, Goa"
Locura,4.5,"Spanish, Mexican, Mediterranean, Continental, Desserts","₹1,200 for two",13.1 km," Anjuna, Goa"
Izumi Assagao,4.1,"Japanese, Sushi","₹2,500 for two",11.8 km," Assagao, Goa"
AJ's,4.3,"Fast Food, Continental, American, Italian, Burger, Pizza",₹500 for two,27.6 km," Margao, Goa"
TBH - The Burger House,4.4,"Burger, Bar Food, Continental, Italian, Sandwich, Salad, Beverages","₹1,200 for two",12.8 km," Anjuna, Goa"
Aunty Maria - Fidalgo,3.3,"Cafe, American, Salad, Desserts, Beverages",₹950 for two,359 m," Fidalgo, Panaji, Goa"
Mademoiselle Boutique Hotel & Cafe,3.9,"Cafe, Coffee, Sandwich, American, Tea, Desserts, Shake, Beverages",₹800 for two,13.2 km," Assagao, Goa"
Juju,3.9,"South Indian, North Indian, Kerala, Goan, Desserts, Biryani","₹1,500 for two",25.4 km," Colva, Goa"
Anand Bar Seafood Restaurant,4.4,"North Indian, Goan, Chinese, Biryani, Seafood",₹950 for two,12.9 km," Anjuna, Goa"
Yeti - The Himalayan Kitchen,3.9,"Tibetan, Nepalese, Momos, Chinese, Beverages, Assamese","₹1,300 for two",14.2 km," Vagator, Goa"
The Mango Tree,4.0,"Continental, North Indian, Chinese, Fast Food, Italian, Finger Food, Beverages","₹1,600 for two",14.6 km," Vagator, Goa"
The Olive Room,4.1,"North Indian, Mughlai, Mexican, Continental, Italian, Chinese, Desserts, Beverages",₹950 for two,58 km," Palolem, Goa"
Tiamo Gelato,3.9,"Ice Cream, Shake",₹300 for two,11.7 km," Anjuna, Goa"
Mahe - Modern Coastal Cuisine,4.1,"Seafood, Goan, Mangalorean, Desserts","₹1,700 for two",12.2 km," Anjuna, Goa"
Soho,3.8,"North Indian, Continental, Chinese, Italian, Mughlai, Biryani","₹1,800 for two",624 m," Panaji, Goa"
O'Aido By Om Rose Garden,4.5,"North Indian, Italian, Seafood, Continental, Goan, Desserts","₹1,400 for two",12.6 km," Anjuna, Goa"
Jamming Goat,4.5,"North Indian, Continental, Goan, Fast Food, Desserts","₹1,400 for two",21.3 km," Majorda, Goa"
Colina,4.3,"Goan, Pizza, Fast Food, Chinese, Beverages","₹1,200 for two",14.6 km," Assagao, Goa"
The Goan Room,4.4,"Goan, Seafood, North Indian, Chinese, Continental, Biryani, Desserts, Beverages","₹1,200 for two",5.4 km," Panaji, Goa"
White Plate By Chef Jason,3.9,"French, Italian, American, Desserts","₹2,500 for two",7 km," Candolim, Goa"
Bean Me Up,4.5,"Continental, Asian, Fast Food, Healthy Food, Mexican, Salad, Desserts, Beverages","₹1,400 for two",13.8 km," Vagator, Goa"
Alcoves Restaurant & Bar,3.5,"North Indian, Chinese, Goan",₹500 for two,29.4 km," Aquem, Goa"
Fisherman's Cove,3.6,"Goan, North Indian, Chinese, Continental, Mughlai, Italian, Salad","₹1,400 for two",6.7 km," Candolim, Goa"
Bomras,4.1,"Finger Food, Goan, Desserts","₹1,900 for two",12.3 km," Anjuna, Goa"
Padaria Prazeres,4.8,"Bakery, Desserts",₹600 for two,3.4 km," Panaji, Goa"
Square Sparrow,4.4,"North Indian, Italian, Continental, Asian","₹1,300 for two",12.9 km," Anjuna, Goa"
Garden of Dreams,-,"Cafe, Coffee, Tea, Sandwich, Fast Food, Healthy Food, Salad, Desserts","₹1,000 for two",34.1 km," Arambol, Goa"
Hosa,4.0,"Goan, South Indian, Seafood, Continental, Finger Food, Tea, Coffee, Desserts","₹2,000 for two",14.3 km," Siolim, Goa"
Mamagoto,4.5,"Asian, Chinese, Thai, Sushi, Japanese, Desserts","₹1,300 for two",393 m," Panaji, Goa"
Pizza Hut,4.0,"Italian, Pizza, Pasta, Beverages",₹600 for two,27.5 km," Margao, Goa"
Tamil Table,3.8,"South Indian, Chettinad, Seafood","₹1,500 for two",12.5 km," Assagao, Goa"
Nanbai,3.7,"Bakery, Fast Food, Desserts, Beverages",₹350 for two,2.3 km," Panaji, Goa"
Caravela Cafe And Bistro,4.6,"Cafe, Goan, Continental, Healthy Food, Italian, Fast Food, Beverages, Desserts",₹950 for two,7.1 km," Candolim, Goa"
Roboto,3.9,"Japanese, Korean, Asian, Bar Food, Desserts","₹1,200 for two",12.4 km," Anjuna, Goa"
Sam's Beach Shack,3.4,"Seafood, Goan, North Indian, Chinese, Sandwich, Burger, Beverages","₹1,000 for two",10.3 km," Baga, Goa"
Seven Rivers Brewing Co.,3.9,European,"₹1,900 for two",6.1 km," Taj Holiday Village Resort & Spa, Candolim, Goa"
Tree Top Tava,4.4,"Continental, North Indian, Goan, Mughlai, Chinese, Fast Food, Desserts, Beverages","₹1,200 for two",52.2 km," Agonda, Goa"
Mickey's,4.4,"Goan, Chinese, North Indian, Continental, Steak, Seafood, Desserts","₹1,700 for two",25.1 km," Colva, Goa"
Elephant Beach Cafe,3.7,"Continental, Sandwich, Healthy Food, Desserts, Beverages",₹950 for two,12.6 km," Anjuna, Goa"
Tataki Immersive Asian Dining,4.3,"Asian, Japanese, Thai, Sushi, Sichuan, Salad, Desserts, Beverages","₹2,000 for two",596 m," Panaji, Goa"
SOPÓ,3.9,"Burmese, Desserts, Asian","₹1,400 for two",11.9 km," Assagao, Goa"
Goodfellas Italian Restaurant,4.3,"Italian, Pizza",₹950 for two,28.6 km," Benaulim, Goa"
KFC,4.5,"Burger, Fast Food, Biryani, Desserts, Beverages",₹450 for two,3 km," Mall De Goa, Penha De Franca, Goa"
Mr. Gelato - Cream Choc,4.8,"Ice Cream, Desserts, Frozen Yogurt, Waffle",₹450 for two,12.3 km," Anjuna, Goa"
Souza Lobo,4.4,"Finger Food, Seafood, North Indian, Fast Food, Chinese, Desserts","₹1,800 for two",9.2 km," Calangute Beach, Calangute, Goa"
Bardo,3.9,"North Indian, Biryani, Italian, Japanese, Salad, Sushi, Shake, Beverages","₹1,400 for two",12.4 km," Anjuna, Goa"
The Crush Coffee,-,"Cafe, Coffee, Juices, Shake, Healthy Food, Street Food, Sandwich, Fast Food",₹650 for two,7.9 km," Calangute, Goa"
Jambalaya Bar & Restaurant,4.3,"North Indian, Salad, Continental, Seafood, Goan, Chinese, Desserts, Bar Food","₹1,200 for two",6.7 km," Candolim, Goa"
Kasa 'N' Koox,3.9,"Japanese, Seafood","₹2,500 for two",14.8 km," Vagator, Goa"
Petisco Goa,4.6,Continental,"₹1,400 for two",119 m," Panaji, Goa"
Gshot Coffee Roastery & Cafe,4.1,"Cafe, Healthy Food, Bakery, Pizza, Desserts, Juices, Coffee, Sandwich","₹1,300 for two",12.6 km," Assagao, Goa"
Mystras,4.4,"Salad, Asian, Arabian, Italian, Seafood, Continental, Fast Food","₹1,700 for two",12.3 km," Assagao, Goa"
Spice Mantraa,4.3,"Goan, North Indian, Biryani, Desserts, Beverages","₹1,400 for two",7.3 km," Candolim, Goa"
Artistry,-,"Goan, Bar Food, Continental, Pizza, Desserts, Beverages","₹2,000 for two",13.6 km," Vagator, Goa"
Broadway Cafe & Bakers,3.9,"Bakery, Fast Food, Street Food, Sandwich, Beverages, Desserts",₹400 for two,8 km," Calangute, Goa"
Lucknow Mail,-,"Awadhi, North Indian, Rolls",₹400 for two,14.2 km," Anjuna, Goa"
Bombil Restaurant,4.7,"Goan, Seafood",₹500 for two,1.1 km," Panaji, Goa"
Peep Kitchen,4.6,"Goan, Seafood, North Indian, Biryani, Oriental, Beverages","₹1,100 for two",3.2 km," Panaji, Goa"
C'Roque Resort,4.3,"North Indian, Chinese, Asian, Goan, Continental, Pizza, Sandwich, Desserts","₹1,100 for two",27.8 km," Colva, Goa"
Mimi's,4.0,"Continental, Goan, Healthy Food, Fast Food, Coffee, Beverages",₹850 for two,18.9 km," Morjim, Goa"
Sheetal Dhaba,3.8,"North Indian, Chinese, Fast Food, Street Food, Beverages",₹400 for two,4.8 km," Nerul, Goa"
Terttulia,-,"Pizza, Italian, Continental, Bar Food, Desserts","₹2,000 for two",2.2 km," Panaji, Goa"
The Krunch Story,3.9,"Cafe, Continental, Fast Food, Burger, Sandwich, Beverages, Shake",₹700 for two,574 m," Panaji, Goa"
Copperleaf,4.2,"Goan, North Indian, Mughlai, Chinese, Seafood, Biryani, Sichuan",₹700 for two,2 km," Panaji, Goa"
Leopard Valley,3.6,Finger Food,"₹2,500 for two",55.3 km," Palolem, Goa"
Velvet Lounge & Cocktail Bar,3.9,"Goan, North Indian, Chinese, Seafood, Italian, Continental, Fast Food, Desserts","₹1,600 for two",14.4 km," Vagator, Goa"
Cafe Hyderabad,3.6,"South Indian, Chinese, North Indian, Street Food, Biryani, Fast Food",₹350 for two,11.9 km," Anjuna, Goa"
Baga Resto Bar,3.8,"North Indian, Continental, Seafood, Goan, Chinese, Beverages, Kebab, Desserts","₹1,100 for two",10.4 km," Baga Beach, Baga, Goa"
Rose - Mediterranean Restaurant & Wine Bar,3.9,"Mediterranean, Pizza, Italian, Continental, Salad, Desserts","₹2,200 for two",13.2 km," Assagao, Goa"
Rockpool,4.8,"Finger Food, European, Goan, Fast Food, Beverages","₹3,000 for two",15.4 km," Vagator, Goa"
Nanbai,3.7,"Continental, Sandwich, Desserts, Coffee, Beverages",₹250 for two,29.2 km," Aquem, Goa"
Rabbit Hole,3.9,"Continental, Middle Eastern, Desserts, Fast Food",₹950 for two,15.3 km," Siolim, Goa"
Just Lobo's,4.3,"Goan, North Indian, Chinese, Continental, Middle Eastern, Biryani, Desserts, Beverages","₹1,800 for two",8.7 km," Calangute, Goa"
Kutumbh,3.9,"Continental, Chinese, Goan, North Indian, Seafood",₹800 for two,304 m," Panaji, Goa"
Aabu's Bar & Cafe,4.2,"North Indian, Continental, Pizza, Burger, Fast Food, Desserts, Shake, Beverages","₹1,300 for two",10.2 km," Baga, Goa"
Guapa,4.4,"Spanish, European, Continental, Seafood, Desserts, Beverages","₹1,400 for two",19.2 km," Morjim, Goa"
Sappadu,4.4,"South Indian, Desserts, Beverages",₹600 for two,12.6 km," Assagao, Goa"
Mike's Place,4.1,"North Indian, Seafood, Chinese","₹1,400 for two",38.2 km," Cavelossim, Goa"
Bloom And Brew,3.9,"Continental, Fast Food, Mexican, Desserts, Cafe, Beverages","₹1,200 for two",11.8 km," Assagao, Goa"
Rangoli Pure Veg  Restaurant,3.5,"North Indian, South Indian, Chinese, Biryani, Fast Food, Street Food, Shake, Beverages",₹400 for two,9.2 km," Calangute, Goa"
Night Appetite,-,"Chinese, Burger, Sandwich, Rolls, Fast Food, Beverages, Shake",₹300 for two,13.6 km," Anjuna, Goa"
Cocktails & Dreams,3.8,"Bar Food, Beverages","₹1,200 for two",58.1 km," Palolem, Goa"
Bo Tai,4.2,"Thai, Japanese, Asian, Pizza, Beverages","₹3,500 for two",14.5 km," Vagator, Goa"
Baozi,4.4,"Asian, Chinese",₹850 for two,13.2 km," Anjuna, Goa"
The Miri,3.6,"Goan, North Indian, Chinese, Fast Food, Desserts, Beverages","₹1,400 for two",2.3 km," Panaji, Goa"
Antonio,4.1,"Goan, Portuguese","₹1,300 for two",398 m," Panaji, Goa"
Gagan's,4.0,"North Indian, Chinese, Salad, Fast Food, Biryani, Thai, Seafood, Desserts",₹700 for two,33.2 km," Varca, Goa"
Pine Tree,3.3,Chinese,₹700 for two,8.1 km," Calangute Beach, Calangute, Goa"
Pedro's Bar And Restaurant,3.9,"Goan, Chinese, Continental, Bar Food, Seafood, North Indian, Mughlai, Desserts",₹950 for two,28.6 km," Benaulim, Goa"
Xero Degrees,New,"Cafe, Coffee, Italian, Salad, Fast Food, Waffle, Shake, Beverages",₹600 for two,1.4 km," Panaji, Goa"
Ciao Bella,4.4,"Italian, Pasta, Pizza, Salad, Desserts","₹1,200 for two",14 km," Assagao, Goa"
Downtown Resto Cafe,3.9,"Fast Food, Chinese, Desserts",₹500 for two,22.7 km," Ponda, Goa"
Sonic,3.8,"Goan, Seafood, BBQ, Continental, Italian, North Indian, Desserts, Beverages","₹1,300 for two",13.4 km," Anjuna Beach, Anjuna, Goa"
Route 66,4.5,"Italian, Continental, American, Burger, Pasta, Salad, Desserts, Beverages","₹1,600 for two",488 m," Panaji, Goa"
Banyan-Tree - Taj Holiday Village Resort & Spa,4.9,Asian,"₹3,500 for two",6.1 km," Taj Holiday Village Resort & Spa, Candolim, Goa"
O'Camotim,3.9,"North Indian, Mughlai, Goan, Seafood","₹1,200 for two",5.3 km," Panaji, Goa"
Tuscany Gardens,4.6,"Continental, Italian, Pizza, Salad, Beverages","₹1,400 for two",6.1 km," Candolim, Goa"
Raki Modern Mezze And More,3.8,"Kebab, Lebanese, Middle Eastern, Egyptian, Turkish","₹1,800 for two",3.3 km," Panaji, Goa"
Shiori - Yakitori Bar,3.9,"Japanese, Sushi","₹2,500 for two",16.2 km," Siolim, Goa"
Food Exchange - Novotel Goa Resort & Spa,4.0,Goan,"₹2,500 for two",6.6 km," Novotel Goa Resorts & Spa, Candolim, Goa"
GROK,4.4,"Modern Indian, Goan, Fast Food","₹2,000 for two",7.5 km," Hyatt Centric, Candolim, Goa"
K.G.N - A1 Khan Fast Food,2.8,"Chinese, North Indian, Sichuan",₹400 for two,27.8 km," Margao, Goa"
Taco Bell,2.4,"Mexican, Fast Food",₹300 for two,3 km," Penha de Franca, Goa"
Spring Onion,4.0,"Chinese, Seafood, Thai, Korean, Sichuan, Oriental, Desserts, Beverages",₹950 for two,7.7 km," Calangute, Goa"
Sea,4.4,"Asian, Seafood, Beverages","₹2,000 for two",11.8 km," Assagao, Goa"
Mallu Republic,4.2,"Kerala, South Indian, Seafood, Mughlai",₹500 for two,1.7 km," Panaji, Goa"
Cuebebar,4.6,"Goan, Continental, Steak, BBQ, Seafood, Desserts","₹1,700 for two",13.4 km," Vagator, Goa"
Happy Soul,3.9,"Healthy Food, Continental, Middle Eastern, South Indian, Salad, Sandwich","₹1,200 for two",11.7 km," Assagao, Goa"
Uncle Tim's,3.9,"Continental, Pasta, Mexican, Steak, Juices, Beverages","₹1,000 for two",4.7 km," Porvorim, Goa"
The Square - Novotel Goa Shrem Hotel,4.1,"North Indian, Continental, Asian, Fast Food, Sandwich, Burger, Desserts, Beverages","₹2,500 for two",7.3 km," Novotel Goa Shrem Hotel, Candolim, Goa"
Spice Traders - W Goa,4.6,"Thai, Chinese, Japanese, Sri Lankan, Vietnamese","₹4,200 for two",15.2 km," W Goa, Vagator, Goa"
Prana Cafe,3.6,"Continental, Healthy Food",₹800 for two,12.1 km," Anjuna, Goa"
Idā - Boutique Bar & Kitchen,4.4,"Portuguese, Goan, North Indian, Beverages","₹1,700 for two",14.3 km," Vagator, Goa"
Kailash Parbat,4.2,"North Indian, Chinese, Maharashtrian, Fast Food, Desserts, Beverages",₹950 for two,7.6 km," Candolim, Goa"
Ritz Classic,4.3,"Goan, Continental, Asian, Japanese, Chinese, Seafood, Desserts, Beverages","₹1,500 for two",29.2 km," Margao, Goa"
Piccola Roma,4.2,"Continental, Italian, Pizza, Goan, Fast Food, Desserts, Coffee, Beverages","₹1,200 for two",14.1 km," Vagator, Goa"
Joecons Beach Shack,4.0,"Continental, Chinese, Goan, Seafood",₹950 for two,29.9 km," Benaulim, Goa"
Casanova,3.9,"Seafood, North Indian, Fast Food",₹800 for two,58 km," Palolem, Goa"
Cafe Sussegado,4.5,"Seafood, North Indian, Goan, Desserts, Continental, Chinese","₹1,100 for two",8.4 km," Calangute, Goa"
Cafe Al Fresco By Cantina Bodega,4.4,"Cafe, American, Fast Food, Beverages",₹950 for two,563 m," Panaji, Goa"
Veggie Delight,4.0,"North Indian, Chinese, Italian, Continental, Street Food, Momos, Beverages",₹850 for two,33.1 km," Varca, Goa"
Curries Bar & Restaurant,3.1,"North Indian, Goan, Chinese, Fast Food, Sandwich, Pizza, Continental, Desserts",₹950 for two,8.3 km," Calangute, Goa"
The Assa House,3.9,French,"₹3,500 for two",12.3 km," Assagao, Goa"
Davide's Pizzeria,4.6,"Pizza, Italian","₹1,400 for two",15.5 km," Siolim, Goa"
Cafe De Port by Radisson Resort Goa Baga,3.7,"North Indian, Continental, Biryani, Mughlai, Pizza, Street Food, Fast Food, Desserts","₹2,000 for two",11 km," Baga, Goa"
Sakana,4.3,"Japanese, Sushi, Rolls, Chinese, Salad, Beverages","₹2,000 for two",14.1 km," Vagator, Goa"
Ceskaz Deli Cafe,3.8,"Cafe, Turkish, Fast Food, Asian, Salad, Beverages",₹700 for two,28.4 km," Margao, Goa"
Spice Studio - Alila Diwa Goa,3.9,"Goan, Seafood, Kerala, Desserts","₹2,500 for two",23.2 km," Alila Diwa, Majorda, Goa"
Masala House,4.2,"North Indian, Tea, Coffee","₹1,900 for two",11.8 km," Assagao, Goa"
Alcove Resorts,4.7,"Continental, North Indian, Goan, Chinese, Sandwich, Finger Food, Beverages","₹1,200 for two",14.7 km," Vagator Beach, Vagator, Goa"
Royal Enfield Garage Cafe,4.6,"Continental, Italian, Fast Food, Beverages, Desserts","₹1,400 for two",11.1 km," Baga, Goa"
Confeitaria 31 De Janeiro,4.0,"Bakery, Desserts, Fast Food",₹500 for two,412 m," Panaji, Goa"
House Of Chapora,-,Goan,"₹1,000 for two",15.4 km," Vagator, Goa"
Fig & Maple,-,"Seafood, Goan, Salad, Continental, Bar Food","₹2,500 for two",12.1 km," Assagao, Goa"
Sabado Field Club And Restaurant,3.9,"Continental, Chinese, Italian, Asian, Pasta, Pizza, Desserts","₹1,800 for two",12.5 km," Anjuna, Goa"
The Rice Mill,4.0,"Cafe, Continental, Goan, Healthy Food, Juices, Beverages, Desserts",₹950 for two,17.9 km," Morjim, Goa"
Mustard Cafe,4.4,"Italian, Seafood, Fast Food, Burger, Desserts","₹1,900 for two",11.6 km," Assagao, Goa"
Moki Bar + Kitchen,4.3,"Continental, Italian, Goan, Spanish, Desserts","₹1,200 for two",5.2 km," Porvorim, Goa"
Soi,4.3,"Goan, Desserts","₹1,800 for two",6 km," Candolim, Goa"
German Bakery Cafe,4.2,"Bakery, Cafe, Continental, Fast Food, Pizza, Beverages, Juices, Desserts",₹600 for two,7.4 km," Candolim, Goa"
Ministry Of Spices By Ramatan Resorts,4.1,"North Indian, Chinese, Goan, Continental, Sandwich, Biryani, Desserts, Beverages","₹1,200 for two",13.3 km," Vagator, Goa"
Riverside,4.3,"European, Italian, American, Desserts","₹3,000 for two",40.2 km," Cavelossim, Goa"
The Burrow Cafe,3.9,"Fast Food, Burger, Pasta, Salad, Beverages",₹500 for two,14.2 km," Siolim, Goa"
Halo Patrao,3.9,"Goan, Street Food, Rolls, Fast Food, Chinese, Sandwich, Beverages",₹350 for two,27.8 km," Margao, Goa"
Joet's Bar And Restaurant,4.3,"North Indian, Chinese, Goan, Seafood",₹950 for two,14.2 km," Bogmalo, Goa"
Frida Cantina,4.2,"Continental, Bar Food, Mexican, Desserts, Beverages","₹2,000 for two",2.3 km," Panaji, Goa"
Fat Panda,4.5,"North Indian, Chinese, Sichuan, Biryani, Desserts, Beverages","₹1,000 for two",6.5 km," Candolim, Goa"
Omerta Kitchen & Bar,3.9,"Goan, North Indian, Continental, Pizza, Pasta","₹1,200 for two",12.1 km," Anjuna, Goa"
Adlem Goi,4.0,"Goan, Oriental, North Indian, Mughlai, Seafood, Desserts","₹1,100 for two",9.3 km," Old Goa, Goa"
Cafe Chai Coffee,4.3,"Cafe, Fast Food, Beverages, Coffee",₹900 for two,12.3 km," Vasco, Goa"
Spice Goa Restaurant,4.6,"Goan, Seafood, North Indian, Chinese, Fast Food, Biryani, Desserts, Beverages","₹1,100 for two",12.5 km," Mapusa, Goa"
Edward's Yard,4.2,"Chinese, Goan, North Indian, Desserts, Bar Food, Sichuan, Seafood",₹700 for two,9.3 km," Bambolim, Goa"
Black Market,4.8,"Continental, Thai, Burger, Fast Food, Desserts","₹2,000 for two",2.1 km," Panaji, Goa"
Larder + Folk,3.9,"Cafe, Bakery, Continental",₹700 for two,1.1 km," Panaji, Goa"
Horse Shoe,4.0,"Goan, Seafood","₹1,200 for two",490 m," Panaji, Goa"
Grind Bar,3.9,"Cafe, Coffee, Fast Food",₹950 for two,12.3 km," Anjuna, Goa"
Hideaway,4.2,"Cafe, Continental, Desserts, Beverages","₹1,100 for two",14.1 km," Vagator, Goa"
Peace Bar - The Park,4.0,"North Indian, Mughlai, Goan, Chinese, Continental, Desserts, Beverages","₹1,900 for two",8.3 km," The Park, Calangute, Goa"
One Calangute Beach Club,3.9,"Goan, North Indian, Continental, Chinese, Seafood, Biryani, Desserts, Beverages","₹1,300 for two",9.3 km," Calangute, Goa"
Leda Balcao,4.4,"Goan, North Indian, Fast Food, Continental","₹1,400 for two",30.2 km," Benaulim, Goa"
Nazaré,4.3,"North Indian, Chinese, Goan, Seafood, Pizza, Salad, Fast Food, Desserts","₹1,600 for two",24.8 km," Betalbatim, Goa"
Morjim Deck,3.8,"Continental, Beverages, Chinese, Goan, North Indian",₹600 for two,17.9 km," Morjim, Goa"
Schandis,4.2,"Iranian, Shawarma, Biryani, Kebab, Desserts, Beverages",₹950 for two,4.6 km," Panaji, Goa"
Cafe Zelo,3.9,"Cafe, Fast Food, Beverages, Desserts",₹600 for two,26.9 km," Margao, Goa"
Guru Bar,4.2,"Goan, Italian, Continental, Thai, Seafood, Chinese","₹1,000 for two",13.2 km," Anjuna Beach, Anjuna, Goa"
Chapter Two,3.8,"North Indian, Mughlai, Street Food, Desserts",₹950 for two,8.9 km," Calangute, Goa"
Tien B&B And Bistro,4.3,"Continental, Sushi, Beverages","₹1,800 for two",14.3 km," Vagator, Goa"
Samarkand,3.9,"Goan, Chinese","₹1,300 for two",4.8 km," Panaji, Goa"
Mexicola - Tequila Bar And Restaurant,4.2,"Mexican, Bar Food","₹1,200 for two",12.8 km," Anjuna, Goa"
Kava,4.0,"Continental, Goan, North Indian, Desserts, Bar Food","₹2,500 for two",11.4 km," Anjuna, Goa"
Isabella's Tapas Bar,4.1,"Portuguese, Spanish, Desserts","₹2,000 for two",588 m," Panaji, Goa"
SinQ Beach,4.0,"North Indian, Goan, Italian, Sandwich, Seafood, Salad, Desserts",₹950 for two,19.4 km," Morjim, Goa"
Guilté,3.9,"Italian, Continental, Desserts, Beverages","₹1,800 for two",12.5 km," Assagao, Goa"
Sake - The Zuri White Sands Resort,3.2,"Chinese, Thai, Asian","₹2,500 for two",32.4 km," The Zuri White Sands  Resort, Salcette, Goa"
Nivaant Multicuisine AC Restaurant & Bar,3.6,"North Indian, Goan, Chinese, Biryani, Kebab, Seafood, Desserts, Beverages",₹950 for two,10.1 km," Old Goa, Goa"
Cafe Bhonsle,3.8,"South Indian, North Indian, Street Food, Beverages",₹400 for two,4 km," Penha de Franca, Goa"
A Reverie,4.5,"European, Continental, Beverages, Desserts","₹3,500 for two",8.2 km," Calangute, Goa"
Diavola,3.9,"Italian, Salad, Sandwich, Pasta, Bar Food, Beverages","₹1,500 for two",12.3 km," Anjuna, Goa"
Vida,-,"Goan, North Indian, Continental, Chinese","₹1,500 for two",28.5 km," Margao, Goa"
The Tibet Cafe,3.8,"Tibetan, Sandwich, Fast Food, Street Food, Goan, Juices, Shake, Beverages",₹400 for two,19 km," Morjim, Goa"
Mon Petit Frère Café,4.4,"Sandwich, Fast Food",₹400 for two,26.6 km," Colva, Goa"
Soul Curry - Multi Cuisine Restaurant,4.5,"Goan, North Indian, Chinese, Biryani, Desserts, Beverages","₹1,100 for two",11.6 km," Mapusa, Goa"
Viva Panjim,4.6,"Goan, Continental, Chinese, Seafood, North Indian, Steak, Desserts, Beverages","₹1,200 for two",457 m," Panaji, Goa"
The Temptation Anjuna 24x7,-,"Bakery, Desserts, Fast Food, Beverages",₹400 for two,12.1 km," Anjuna, Goa"
The Curry House,3.4,"North Indian, Mughlai, Seafood, Goan, Continental, Chinese, Fast Food, Beverages","₹1,100 for two",6.2 km," Candolim, Goa"
St. Anthony's,4.1,"Goan, North Indian, Kebab, Oriental, Italian, Seafood, Desserts, Beverages","₹1,200 for two",10.9 km," Baga, Goa"
Cajy's Multicuisine Restaurant & Bar,3.9,"Goan, Chinese, Seafood, North Indian, Beverages, Sichuan","₹1,500 for two",21.3 km," Majorda, Goa"
Caava Courtyard,4.1,"North Indian, Italian, Asian, European, Continental","₹1,200 for two",13.2 km," Anjuna, Goa"
Patil Misal,3.7,"Street Food, Maharashtrian",₹200 for two,3.3 km," Porvorim, Goa"
Beyond Dosa,4.5,"South Indian, Desserts, Beverages, Shake",₹650 for two,13 km," Anjuna, Goa"
Mum's Kitchen,4.4,"Goan, Seafood, Salad, Desserts","₹2,000 for two",2.1 km," Panaji, Goa"
Mother Recipes,3.9,"North Indian, Goan",₹300 for two,29.4 km," Benaulim, Goa"
Kokum Kitchen - Taj Fort Aguada Resort & Spa,4.3,"Seafood, Goan, Continental","₹2,500 for two",6.4 km," Taj Fort Aguada Resort & Spa, Candolim, Goa"
The Pier Seaside Bistro,3.9,"North Indian, Goan, Continental, Fast Food, Salad, Beverages",₹850 for two,10.4 km," Vasco, Goa"
Cozinha De Paparico Cafe,3.9,"Cafe, Fast Food",₹350 for two,22.6 km," Majorda, Goa"
7 Short 1 Long Restaurant,4.2,"Cafe, Goan, Fast Food",₹850 for two,11.5 km," Moira, Goa"
Antique Mardol Ponje,3.9,"Goan, North Indian, Continental, Biryani, Kebab, Chinese, Desserts, Beverages","₹1,200 for two",854 m," Panaji, Goa"
Harbour Cafe - The Crown,4.3,"North Indian, Goan, Seafood, Continental, Healthy Food, Oriental, Chinese, Biryani","₹1,700 for two",347 m," Panaji, Goa"
Crazy Crabs,4.3,"Goan, Chinese, North Indian, Fast Food, Street Food, Mughlai, Ice Cream, Beverages",₹950 for two,9.6 km," Baga, Goa"
Latitude - Vivanta Goa,4.3,"North Indian, Goan, Asian","₹2,500 for two",952 m," Vivanta Goa, Panaji, Goa"
O Coqueiro,4.3,"Goan, North Indian, Asian, Finger Food","₹1,200 for two",3.7 km," Porvorim, Goa"
Pavilion At the Village Square - ITC Grand Goa Resort & Spa,3.8,"North Indian, Italian, Goan, Asian, South Indian, Salad, Desserts, Beverages","₹3,000 for two",20.6 km," ITC Grand Goa Resort & Spa, Majorda, Goa"
Andrew's Beach Cafe,3.9,"Goan, Continental, North Indian, Chinese, Seafood, Pizza, Fast Food, Beverages",₹900 for two,10.5 km," Baga Beach, Baga, Goa"
Dakté,3.9,"Cafe, Salad, Continental, Sandwich, Desserts, Beverages, Shake, Coffee",₹950 for two,15.9 km," Siolim, Goa"
Morgan’s Place,4.4,"Italian, Pizza, Continental, Beverages","₹1,100 for two",5.3 km," Penha de Franca, Goa"
Mr Busquo,3.9,"Fast Food, Desserts, Beverages",₹400 for two,27.3 km," Margao, Goa"
Poseidon's Cove - Planet Hollywood,4.1,"Continental, Seafood, Sushi, Goan, Thai, Fast Food","₹1,800 for two",21.6 km," Majorda, Goa"
Kuttikar Bar And Restaurant,4.1,"Seafood, Goan, Finger Food, Beverages",₹950 for two,6.8 km," Old Goa, Goa"
Lemon Chilli,3.9,Continental,₹850 for two,3.5 km," Porvorim, Goa"
Sandbanks,4.2,"North Indian, Pizza, Pasta, Chinese, Italian, Goan, Desserts","₹1,200 for two",24.9 km," Arambol, Goa"
The Mill,4.9,"Cafe, Healthy Food, Salad, Continental, Wraps, Beverages, Shake",₹700 for two,58.3 km," Palolem, Goa"
Joseph Bar,4.3,"Bar Food, Goan","₹1,000 for two",409 m," Panaji, Goa"
Goenchin,4.6,"Chinese, Asian, Thai, Oriental, Seafood, Desserts, Beverages","₹1,600 for two",270 m," Panaji, Goa"
Village 36,3.9,"Chinese, Thai, Asian, Salad","₹1,400 for two",11.9 km," Assagao, Goa"
Chef. Soumyens Kitchenn,4.4,"Continental, Seafood, Desserts, Beverages","₹1,600 for two",7.5 km," Calangute, Goa"
Salt & Pepper,4.5,"Burger, Fast Food, Desserts, Juices, Beverages",₹700 for two,14.3 km," Vagator, Goa"
Claudi's Corner,4.1,"Goan, Chinese, Seafood, North Indian",₹950 for two,14.2 km," Bogmalo, Goa"
The Farmhouse Bar & Bistro,4.1,"Continental, Goan, Seafood, Steak, Pasta, Salad, Finger Food","₹1,800 for two",31 km," Benaulim, Goa"
Upper Deck - Radisson Blu Resort,4.2,"Goan, Seafood, North Indian, Asian, Continental, Pasta, Desserts, Beverages","₹2,700 for two",38.2 km," Radisson Blu Resort, Salcette, Goa"
Big Fish,4.1,"Chinese, Seafood, North Indian, Goan",₹700 for two,13.6 km," Assagao, Goa"
Charcoal Chicken,3.4,"Arabian, Chinese, Lebanese, North Indian, Biryani, Sichuan",₹500 for two,3.1 km," Porvorim, Goa"
Maya Nightclub,-,Bar Food,"₹4,000 for two",10.2 km," Baga, Goa"
Chicago Pizza,-,"Pizza, Pasta, Fast Food, Beverages",₹400 for two,13.3 km," Anjuna, Goa"
La Pino'z Pizza,3.3,"Pizza, Italian, Pasta, Fast Food",₹300 for two,8.2 km," Calangute, Goa"
La Selle,3.9,"Continental, Italian, Sandwich, Burger","₹2,000 for two",27.2 km," Margao, Goa"
Bakery Pausenbrot,3.6,"Bakery, Fast Food, Coffee, Beverages",₹450 for two,28.9 km," Benaulim, Goa"
Spicy Family Restaurant & Bar,4.2,"Goan, North Indian, Chinese, Asian, Seafood, Fast Food","₹1,600 for two",29.2 km," Margao, Goa"
Fish Tail Bar And Restaurant,4.4,"Italian, American, Seafood, North Indian, Salad, Goan, Desserts, Beverages","₹1,200 for two",14.8 km," Vagator Beach, Vagator, Goa"
Durigo,3.9,"Seafood, Goan, Chinese",₹400 for two,27.2 km," Colva, Goa"
Trails Of Taste - TOTGOA,3.9,"Andhra, South Indian, Biryani, Desserts",₹600 for two,12.8 km," Anjuna, Goa"
Burger Bar & Bakery,4.0,"Fast Food, Italian, Goan, Continental, BBQ, Beverages",₹500 for two,16 km," Siolim, Goa"
Cafe Candolim,4.4,"Cafe, Continental, Fast Food, Sandwich, Beverages, Desserts",₹700 for two,6.3 km," Candolim, Goa"
Oppa's Restaurant,3.9,Continental,"₹1,000 for two",14.9 km," Vagator, Goa"
Infantaria,3.9,"Goan, North Indian, Continental, Italian, Seafood, Chinese, Desserts, Beverages",₹950 for two,9 km," Calangute, Goa"
The Curry Multicuisine Family Restro-Bar,4.1,"Finger Food, Chinese, North Indian, Biryani, Seafood, Goan, Beverages","₹1,200 for two",1.1 km," Panaji, Goa"
Comida-Double Tree by Hilton Goa,4.4,"North Indian, Asian, Italian, Mediterranean, Desserts","₹3,500 for two",6 km," Panaji, Goa"
Danka,-,Street Food,₹200 for two,14.4 km," Vagator, Goa"
Little Banana Goan Restaurant,3.9,"Goan, Chinese",₹400 for two,27.8 km," Benaulim, Goa"
Bistro Bohemiaa,3.9,"Sandwich, Burger, Continental, North Indian, Oriental, Italian, Beverages","₹1,000 for two",14.8 km," Vagator, Goa"
Krishna Multi-Cuisine Veg Restaurant,4.0,"North Indian, South Indian, Chinese, Fast Food",₹400 for two,28.6 km," Margao, Goa"
Hot Wok,3.9,"Chinese, Momos, Sichuan, Asian",₹500 for two,12.4 km," Bogmalo, Goa"
Highway Kitchen,3.3,"North Indian, Mughlai, Chinese, Street Food, Desserts, Biryani, Sichuan",₹400 for two,12.6 km," Bogmalo, Goa"
Morisco - Taj Fort Aguada Resort & Spa,4.2,"Seafood, Goan","₹4,000 for two",6.4 km," Taj Fort Aguada Resort & Spa, Candolim, Goa"
Cafe South Cartel,3.9,"Continental, North Indian",₹550 for two,29 km," Benaulim, Goa"
Cafe South Cartel,3.9,"Continental, North Indian",₹550 for two,29 km," Benaulim, Goa"
KAHVI Cafe & Bistro,3.9,Cafe,₹600 for two,7.6 km," Bardez, Goa"
Soul Curry,3.9,"North Indian, Chinese, Goan, Biryani, Desserts","₹1,200 for two",949 m," Panaji, Goa"
Zeebop,4.0,"Chinese, Goan, Continental, Desserts, Beverages",₹750 for two,21.2 km," Majorda, Goa"
Kalika Bar And Restaurant,4.1,"North Indian, Chinese, Goan",₹500 for two,28.7 km," Margao, Goa"
Tattwa,4.5,"North Indian, Mughlai, Fast Food, Chinese, Continental, Goan, Beverages, Desserts","₹1,200 for two",58.5 km," Palolem, Goa"
Milagro,-,"Italian, Continental, Pizza, Desserts, Coffee, Beverages","₹2,400 for two",14.7 km," Vagator, Goa"
German Bakery,3.9,"Bakery, North Indian, Fast Food, Chinese, Street Food, Steak, Italian, Biryani",₹400 for two,58.5 km," Palolem, Goa"
Carlito's By The Sea,4.0,Goan,₹600 for two,3 km," Nerul, Goa"
Tamil Nadu Home Food,3.4,"South Indian, Chinese, Mughlai, North Indian, Seafood, Tamil",₹400 for two,9.1 km," Calangute, Goa"
Gratitude,4.4,"Healthy Food, Continental, Fast Food, Desserts, Beverages","₹1,200 for two",12.1 km," Anjuna, Goa"
Tamari - Vivanta Goa,4.2,"Asian, Thai, Japanese, Desserts","₹2,500 for two",970 m," Vivanta Goa, Panaji, Goa"
Lobster Shack - Taj Exotica,3.7,"Seafood, North Indian","₹2,500 for two",30.2 km," Taj Exotica, Benaulim, Goa"
Krishna Bar & Restaurant,3.8,"North Indian, Kebab, Chinese, Biryani, Goan, Mughlai, Sichuan, Beverages",₹600 for two,9 km," Calangute, Goa"
Cafe Gypsy Baba,4.1,"North Indian, Chinese, Rolls, Seafood, Mughlai, Beverages","₹1,200 for two",3.7 km," Candolim, Goa"
Delhi's Darbar,3.9,"Chinese, North Indian, Goan, Biryani, Fast Food, Desserts, Beverages",₹950 for two,9.4 km," Calangute, Goa"
Surboos - The resto bar,New,"North Indian, Goan, Continental, Asian","₹1,200 for two",1.5 km," Panaji, Goa"
Bombay Adda,3.8,"Continental, Seafood, Pizza","₹1,400 for two",6.5 km," Candolim, Goa"
The Boho Box,3.9,"Continental, Sandwich, Pasta, Fast Food, Desserts",₹600 for two,11.1 km," Baga, Goa"
Cafe Mambos,4.1,"Seafood, Pizza, North Indian, Chinese, Goan, Finger Food, Beverages","₹2,000 for two",10.3 km," Baga, Goa"
The Temptation - 24 Hour Complete Food Shop,3.7,"Bakery, Desserts, Shake",₹300 for two,11.5 km," Vasco, Goa"
Pahadi Beach,4.2,"North Indian, Seafood, Fast Food, Bengali, Assamese, Goan, Mangalorean",₹950 for two,12.5 km," Anjuna, Goa"
Dandey's Grill House,4.4,"BBQ, Seafood, Steak, Continental, Pasta, Asian, North Indian, Beverages","₹1,000 for two",5.2 km," Porvorim, Goa"
Artisan - Resort & Cafe,3.9,"Cafe, Coffee, North Indian, Continental, Sandwich, Fast Food, Desserts, Beverages",₹600 for two,17.9 km," Morjim, Goa"
Bhatti Village Family Restaurant & Bar,4.5,"Goan, Seafood, Desserts",₹600 for two,4.7 km," Nerul, Goa"
Joe's River Cove,4.0,"North Indian, Goan, Chinese","₹1,200 for two",38 km," Cavelossim, Goa"
Waterfront Terrace & Bar -  Goa Marriott Resort And Spa,4.2,"North Indian, Asian, Italian, Continental, Goan, Seafood, Beverages, Desserts","₹3,500 for two",2.4 km," Goa Marriott Resort & Spa, Panaji, Goa"
Bobby's Fat Fish,-,"Goan, Salad, Fast Food, North Indian, Kebab, Seafood, Continental, Desserts","₹1,500 for two",13.4 km," Anjuna, Goa"
Suha,3.8,North Indian,"₹1,200 for two",13.3 km," Anjuna, Goa"
Three Kisses,4.5,"Finger Food, Seafood, Pancake, Steak, Pasta, North Indian, Shake, Beverages",₹950 for two,30 km," Benaulim, Goa"
Susegado,4.1,"Seafood, Italian, Continental","₹4,000 for two",40.2 km," Cavelossim, Goa"
MELT Pizzabar,4.5,"Italian, Pizza, Pasta","₹1,700 for two",13.2 km," Anjuna, Goa"
Star Light,4.2,"Goan, North Indian, Chinese, Seafood, Salad, Biryani",₹850 for two,10 km," Baga, Goa"
Delhi Darbar - Original Branch,4.4,"Chinese, Mughlai, North Indian, Goan, Seafood, Biryani, Ice Cream, Beverages","₹1,800 for two",8.7 km," Calangute, Goa"
F Fish,3.7,"Seafood, Beverages",₹400 for two,11.2 km," Baga, Goa"
Tanoj Food Corner,3.7,"North Indian, Beverages",₹400 for two,10.9 km," Baga, Goa"
Okapi Vegan Kitchen,New,"Sandwich, Fast Food, Salad, Beverages",₹550 for two,12.4 km," Moira, Goa"
Olio's,-,"North Indian, Chinese, Desserts, Beverages",₹800 for two,28.8 km," Benaulim, Goa"
Mrs Morgan,3.9,"South Indian, Goan",₹400 for two,12.4 km," Anjuna, Goa"
Qi - Pan Asian,3.9,"Momos, Asian",₹400 for two,3.2 km," Panaji, Goa"
Barbeque Nation,4.4,"North Indian, BBQ, Biryani, Kebab, Beverages, Desserts","₹1,700 for two",1.8 km," Caculo Mall, Panaji , Goa"
Amavi,4.6,"Continental, Desserts, Thai, Seafood, Italian, Beverages","₹2,500 for two",7.6 km," Calangute, Goa"
Hanging Garden - The Crown,4.2,"North Indian, Goan, Continental, Chinese, Biryani, Fast Food, Desserts, Beverages","₹1,900 for two",340 m," Panaji, Goa"
Noaa Social Dining,4.2,"Chinese, Pizza, Asian, Oriental, Bar Food","₹2,000 for two",7.3 km," Candolim, Goa"
Wok And Grill,-,"Chinese, North Indian, Fast Food, Seafood",₹550 for two,12.7 km," Mapusa, Goa"
Café Majestique,4.2,"North Indian, Continental, Goan, Chinese, Seafood, Fast Food, Desserts, Beverages",₹950 for two,30.2 km," Benaulim, Goa"
Tushar Juice Center,3.5,"Beverages, Shake, Juices",₹200 for two,11.2 km," Baga, Goa"
Indian Oven,4.1,"North Indian, Mughlai, Biryani, Desserts","₹1,400 for two",6.3 km," Candolim, Goa"
The Kitchen On Top,4.3,"North Indian, Chinese, Asian, Mughlai, Fast Food, Continental, Desserts, Beverages",₹800 for two,27.3 km," Margao, Goa"
The HangOut Siolim,4.3,"North Indian, Bar Food, Chinese, Sandwich, Goan, Seafood, Desserts, Beverages","₹1,200 for two",14.8 km," Siolim, Goa"
Balos Beachside Bar ‘n’ Grill,3.9,"Beverages, Asian, Continental, Goan, North Indian","₹1,500 for two",18 km," Morjim, Goa"
Bobby's Shack,4.2,"North Indian, Chinese, Goan, Seafood, BBQ, Salad, Desserts, Beverages",₹850 for two,7.2 km," Candolim Beach, Candolim, Goa"
Showbar,4.2,"Modern Indian, Goan, Seafood, Pasta, Pizza","₹2,000 for two",6 km," Candolim, Goa"
Giani Icecream,3.8,"Shake, Ice Cream, Desserts, Beverages",₹300 for two,8.6 km," Calangute, Goa"
Tease - Vivanta Goa,4.4,"Goan, Seafood, Continental, Chinese, Beverages, Desserts","₹2,000 for two",969 m," Vivanta Goa, Panaji, Goa"
Mariposa Beach Grove,-,"Bar Food, Seafood, Goan, North Indian, Chinese, Desserts, Beverages","₹1,000 for two",53 km," Agonda, Goa"
Adega Camoens - Taj Exotica,4.3,Finger Food,"₹1,800 for two",30.2 km," Taj Exotica, Benaulim, Goa"
Patron Bar And Kitchen,4.0,"North Indian, Italian, Biryani, Continental, Chinese, Seafood, Beverages","₹1,200 for two",13.1 km," Anjuna, Goa"
Vivenda Kafe,4.1,"Cafe, Sandwich, Burger, Fast Food, Beverages, Shake, Desserts",₹700 for two,6.6 km," Bardez, Goa"
Ziba Cafe & Bistro,4.5,"North Indian, Mughlai, Fast Food, Goan, Asian, Bar Food, Beverages","₹1,200 for two",10.8 km," Baga, Goa"
Haya Family Restaurant,3.5,"South Indian, Chinese, Fast Food, North Indian, Bengali, Sichuan",₹500 for two,9.1 km," Calangute, Goa"
The Garden,4.3,"North Indian, Chinese, Goan, Mughlai, Seafood, Fast Food, Desserts, Beverages","₹1,400 for two",26.5 km," Colva, Goa"
German Bakery,4.4,"Seafood, Fast Food, North Indian, Beverages, Salad, Desserts, Asian","₹1,000 for two",12 km," Anjuna, Goa"
Karim's,3.2,"Rolls, North Indian, Mughlai, Beverages",₹800 for two,13.3 km," Anjuna, Goa"
There,3.9,"Continental, Mexican, Burger, Fast Food",₹850 for two,9.7 km," Mapusa, Goa"
Little Lotus Andhra Cuisine,-,"Andhra, South Indian, North Indian, Fast Food, Street Food, Chinese, Beverages",₹450 for two,14.9 km," Vagator, Goa"
The Tavern - Fort Tiracol Heritage Hotel,4.3,"North Indian, Continental, Italian, Goan, Fast Food, Beverages","₹2,500 for two",29 km," Arambol, Goa"
Swad Wada Pav,New,"Street Food, South Indian",₹200 for two,27.5 km," Aquem, Goa"
Kamlabai Restaurant & Bar,3.8,"Goan, North Indian, Chinese, Continental, Pasta, Momos, Salad, Biryani","₹1,000 for two",10.6 km," Mapusa, Goa"
Martin's Place- The Village Bistro & Pub,3.8,"Goan, Seafood, Asian, North Indian, Biryani","₹1,400 for two",33 km," Navelim, Goa"
Pizza Mia,4.3,"Pizza, Italian, Salad, Desserts",₹800 for two,2.5 km," Panaji, Goa"
Prime Rose,4.4,"Steak, Healthy Food, Chinese, Mexican, Burger, Pizza, Seafood, Beverages","₹1,800 for two",6 km," Penha de Franca, Goa"
Krunch Cafe,4.1,"North Indian, Burger, Sandwich, Fast Food",₹500 for two,10.5 km," Mapusa, Goa"
Vasco Square,3.9,"North Indian, Chinese, Goan, Mughlai, Continental, Seafood, Fast Food, Desserts","₹1,100 for two",11.2 km," Vasco, Goa"
Zodiac - All Day Dining,4.1,"Goan, North Indian, Asian, Oriental, Italian, Continental, Desserts, Beverages","₹1,200 for two",30.2 km," Benaulim, Goa"
Terry's,4.3,"Goan, Seafood, North Indian, Chinese, Continental, Biryani, Desserts, Beverages","₹1,600 for two",841 m," Penha de Franca, Goa"
House Of Nomad,3.9,"Bar Food, Goan, Seafood","₹1,800 for two",6.3 km," Candolim, Goa"
Kokum Curry,-,"Goan, Continental, North Indian","₹1,000 for two",91 m," Panaji, Goa"
Your Highness,4.1,"North Indian, Mughlai, Continental, Asian, Goan, Seafood, Beverages, Desserts","₹1,200 for two",9.9 km," Baga, Goa"
Villa Nova - Restaurant & Pizzeria,4.5,"Continental, Italian, Salad, Pizza, Pasta, Desserts, Bar Food, Beverages","₹1,400 for two",8.8 km," Bardez, Goa"
Al Zargham Family Restaurant,-,"Arabian, North Indian, Chinese, Mughlai, Mandi, Beverages, Desserts",₹800 for two,28.7 km," Margao, Goa"
John Seagull Restaurant & Bar,3.9,"North Indian, Chinese, Continental, Goan, Salad, Desserts",₹950 for two,14.4 km," Bogmalo, Goa"
Ben And Sand,3.9,"Goan, Seafood, North Indian, Chinese, Biryani, Sichuan",₹600 for two,27.3 km," Colva, Goa"
Robin's Ark,4.5,"North Indian, Seafood, Continental, Fast Food, Goan, Italian, Desserts, Beverages","₹1,400 for two",38.2 km," Cavelossim, Goa"
Caravela - Taj Holiday Village Resort & Spa,4.3,"Seafood, Mediterranean, North Indian","₹3,000 for two",6.1 km," Vivanta By Taj, Holiday Village, Candolim, Goa"
Perfect Cup,4.4,"Cafe, Continental, Beverages, Desserts","₹1,000 for two",2.6 km," Panaji, Goa"
Planet Dailies - Planet Hollywood,4.4,"Asian, Continental, North Indian, South Indian, Chinese, Desserts","₹1,800 for two",21.6 km," Majorda, Goa"
Filomena's Kitchen,-,"North Indian, South Indian, Beverages","₹1,000 for two",14.5 km," Vasco, Goa"
Dhananjay Fish Curry,4.3,Goan,₹300 for two,9.6 km," Baga, Goa"
Yaki Zushi,4.5,"Japanese, Thai, Chinese, Sushi, Beverages","₹1,700 for two",5.2 km," Penha de Franca, Goa"
Bibhitaki Vegan & Vegetarian Cafe,3.1,"Cafe, Fast Food, Healthy Food, Desserts, South Indian, Beverages, Coffee",₹650 for two,58.5 km," Palolem, Goa"
Shagun,4.1,"North Indian, Chinese, Mughlai, Biryani, Sichuan",₹600 for two,29.1 km," Margao, Goa"
Cafe Central,4.5,"Bakery, Desserts, Street Food",₹250 for two,131 m," Panaji, Goa"
Toast,4.2,"Continental, Salad, Asian, Italian, North Indian, Desserts, Beverages","₹2,000 for two",19.1 km," Ashwem, Goa"
La Cafe,-,"North Indian, Chinese, Fast Food, Sandwich, Continental, Goan, Desserts","₹1,200 for two",10.5 km," Baga, Goa"
Orchid - Fortune Miramar,3.9,"North Indian, Chinese, Oriental, Continental, Fast Food, Street Food, Desserts, Beverages","₹2,000 for two",2.4 km," Fortune Miramar, Panaji, Goa"
Baga Paralia Restaurant & Bar,4.0,"North Indian, Chinese, Fast Food, Continental, Mughlai, Beverages","₹1,200 for two",10.1 km," Baga, Goa"
De Stress,-,"Fast Food, Beverages",₹450 for two,4.3 km," Penha de Franca, Goa"
Quality Kitchen,-,"Goan, Seafood, Fast Food",₹500 for two,10.7 km," Baga, Goa"
Shining Star Beach Shack,3.7,"North Indian, Goan",₹950 for two,10.6 km," Baga, Goa"
Lounge Terminal,4.5,"Chinese, Goan","₹1,800 for two",1.7 km," Caculo Mall, Panaji , Goa"
9 Bar,3.7,"Finger Food, Greek, Fast Food","₹1,200 for two",14.7 km," Vagator, Goa"
Over The Flames,4.1,"Finger Food, Chinese, North Indian, Continental, Goan, Italian, Desserts, Beverages","₹1,200 for two",7.6 km," Calangute, Goa"
Sai Leela Family Restaurant,-,"South Indian, North Indian, Sandwich, Chinese, Sichuan, Biryani, Shake, Beverages",₹500 for two,8.5 km," Calangute, Goa"
The Belgian Waffle Co.,3.9,"Waffle, Pancake, Desserts, Beverages, Ice Cream",₹300 for two,583 m," Panaji, Goa"
O'mio Gelateria,4.3,"Fast Food, Desserts, Beverages, Mexican, Rolls",₹500 for two,4.3 km," Porvorim, Goa"
Konkani Kitchen,2.3,"Goan, Konkan",₹500 for two,9.7 km," Baga, Goa"
The Chocolate Room,3.8,"Cafe, Beverages, Pancake, Desserts, Italian, Mexican, Pizza, Panini",₹700 for two,9 km," Calangute, Goa"
Fuel Bar Goa,-,"Goan, Sandwich, Wraps, Fast Food",₹300 for two,1.9 km," Penha de Franca, Goa"
Amuz By Hemant Oberoi,3.9,"Goan, North Indian, Continental, Burger, Fast Food, Beverages","₹2,000 for two",13.5 km," Anjuna, Goa"
Pings Bia Hoi,4.3,"Chinese, Thai, Finger Food, Seafood, Beverages, Desserts","₹1,700 for two",5.7 km," Porvorim, Goa"
Om Lawn Family Bar and Restaurant,3.9,"North Indian, Fast Food, Chinese, Goan, Biryani, Seafood, Salad, Mughlai",₹950 for two,16.3 km," Siolim, Goa"
Down The Road,4.1,"North Indian, Continental, Chinese, Fast Food, Mongolian, Goan, Sichuan, Beverages","₹1,200 for two",608 m," Panaji, Goa"
The Cornerstone Grill,4.3,"Finger Food, Chinese, Seafood, Steak, Oriental, Goan","₹1,200 for two",21.4 km," Majorda, Goa"
De Little Goa Kitchen & Bar,4.2,"Continental, Thai, Chinese, North Indian, Goan, Seafood, Desserts","₹1,200 for two",8 km," Calangute, Goa"
Kala Bahia,3.8,"Italian, Continental, Pizza, Desserts",₹950 for two,59.2 km," Palolem, Goa"
Fiesta,4.3,"Italian, Chinese, North Indian","₹1,200 for two",10.3 km," Baga Beach, Baga, Goa"
Goa's Ark,4.4,"Mediterranean, Sandwich, Pasta, Fast Food, Salad, Desserts, Beverages","₹1,300 for two",12.7 km," Anjuna, Goa"
Prana Mandrem,-,"Cafe, Beverages, Goan, Continental, Desserts","₹1,200 for two",22.1 km," Mandrem, Goa"
Latest Recipe - Le Méridien Goa,4.3,"North Indian, Chinese, Continental, Goan","₹3,000 for two",7.7 km," Le Méridien Goa, Calangute, Goa"
